---,ObjectName,ActionText
Interactable.Id.WorkTable,"NSLOCTEXT(""InteractionFeatureDataTable"", ""WorkTable_ObjectName"", ""WorkTable"")","NSLOCTEXT(""InteractionFeatureDataTable"", ""WorkTable_ActionText"", ""Use"")"
Interactable.Id.FacilityHub,"NSLOCTEXT(""InteractionFeatureDataTable"", ""FacilityHub_ObjectName"", ""Facility Hub"")","NSLOCTEXT(""InteractionFeatureDataTable"", ""FacilityHub_ActionText"", ""Use"")"
Interactable.Id.StorageChest,"NSLOCTEXT(""InteractionFeatureDataTable"", ""StorageChest_ObjectName"", ""Storage Chest"")","NSLOCTEXT(""InteractionFeatureDataTable"", ""StorageChest_ActionText"", ""Open"")"
Interactable.Id.NPC,"NSLOCTEXT(""InteractionFeatureDataTable"", ""NPC_ObjectName"", ""NPC"")","NSLOCTEXT(""InteractionFeatureDataTable"", ""NPC_ActionText"", ""Talk"")"
Interactable.Id.Ship.Helm,"NSLOCTEXT(""InteractionFeatureDataTable"", ""ShipHelm_ObjectName"", ""Ship Helm"")","NSLOCTEXT(""InteractionFeatureDataTable"", ""ShipHelm_ActionText"", ""Take Control"")"
Interactable.Id.Ship.Cannon,"NSLOCTEXT(""InteractionFeatureDataTable"", ""ShipCannon_ObjectName"", ""Cannon"")","NSLOCTEXT(""InteractionFeatureDataTable"", ""ShipCannon_ActionText"", ""Use"")"
Interactable.Id.Ship.BoardingPoint,"NSLOCTEXT(""InteractionFeatureDataTable"", ""ShipBoardingPoint_ObjectName"", ""Ship"")","NSLOCTEXT(""InteractionFeatureDataTable"", ""ShipBoardingPoint_ActionText"", ""Board"")"
Interactable.Id.Ship.Anchor,"NSLOCTEXT(""InteractionFeatureDataTable"", ""ShipAnchor_ObjectName"", ""Anchor"")","NSLOCTEXT(""InteractionFeatureDataTable"", ""ShipAnchor_ActionText"", ""Drop Anchor"")"
Interactable.Id.Ship.RepairPoint,"NSLOCTEXT(""InteractionFeatureDataTable"", ""ShipRepairPoint_ObjectName"", ""Hull Leak"")","NSLOCTEXT(""InteractionFeatureDataTable"", ""ShipRepairPoint_ActionText"", ""Hold F to repair"")"
