---,ItemName,HowToInteractText,AttachmentSocketName,MaxStack
Item.Tool.TestRed,"NSLOCTEXT(""ItemFeatureDataTable [CE4F9767908EFAB88519A3F55F9DFE96]"", ""Item.Tool.TestRed_ItemName"", ""Test_RedItem"")","NSLOCTEXT(""ItemFeatureDataTable [CE4F9767908EFAB88519A3F55F9DFE96]"", ""Item.Tool.TestRed_HowToInteractText"", ""F to Pick Up"")","HandGrip_R","99"
Item.Tool.TestBlue,"NSLOCTEXT(""ItemFeatureDataTable [CE4F9767908EFAB88519A3F55F9DFE96]"", ""Item.Tool.TestBlue_ItemName"", ""Test_BlueItem"")","NSLOCTEXT(""ItemFeatureDataTable [CE4F9767908EFAB88519A3F55F9DFE96]"", ""Item.Tool.TestBlue_HowToInteractText"", ""F to Pick Up"")","HandGrip_R","99"
Item.Tool.Grenade,"NSLOCTEXT(""ItemFeatureDataTable [CE4F9767908EFAB88519A3F55F9DFE96]"", ""Item.Tool.Grenade_ItemName"", ""Test_Grenade"")","NSLOCTEXT(""ItemFeatureDataTable [CE4F9767908EFAB88519A3F55F9DFE96]"", ""Item.Tool.Grenade_HowToInteractText"", ""F to Pick Up"")","HandGrip_R","99"
Item.Tool.Trap,"NSLOCTEXT(""[CE4F9767908EFAB88519A3F55F9DFE96]"", ""D7C2025542DC98C4A465129622053007"", ""Trap"")","NSLOCTEXT(""[CE4F9767908EFAB88519A3F55F9DFE96]"", ""2834C1D047A138FE9AC017B54BDEEFCC"", ""F to Pick Up"")","HandGrip_R","99"
Item.Tool.ClusterGranade,"NSLOCTEXT(""[CE4F9767908EFAB88519A3F55F9DFE96]"", ""82F787394DE928A4BB91B9BFDCDA3724"", ""ClusterGrenade"")","NSLOCTEXT(""[CE4F9767908EFAB88519A3F55F9DFE96]"", ""C5B9CB68438885FD31773A8F0C126AC1"", ""F to Pick Up"")","HandGrip_R","99"
Item.Tool.SniperRifle,"NSLOCTEXT(""[CE4F9767908EFAB88519A3F55F9DFE96]"", ""75B90A0746492EE142CA91B5C27FFE3C"", ""SniperRifle"")","NSLOCTEXT(""[CE4F9767908EFAB88519A3F55F9DFE96]"", ""58FD6DA049BCA39E8276A59976D394DE"", ""F to Pick Up"")","HandGrip_R","99"
Item.Material.Submunition.Explosive,"NSLOCTEXT(""[CE4F9767908EFAB88519A3F55F9DFE96]"", ""7297AEAB437D226BA611B3976F75DC7A"", ""Submunition_Explosive"")","NSLOCTEXT(""[CE4F9767908EFAB88519A3F55F9DFE96]"", ""B80651BC4C023C2E315DB7BF6B112521"", ""F to Pick Up"")","HandGrip_R","99"
Item.Material.Submunition.Trap,"NSLOCTEXT(""[CE4F9767908EFAB88519A3F55F9DFE96]"", ""26F7F5724787F8F38EB321989A7EDB77"", ""Submunition_Trap"")","NSLOCTEXT(""[CE4F9767908EFAB88519A3F55F9DFE96]"", ""A1A7DD8D42B60525776460A1D9094B7B"", ""F to Pick Up"")","HandGrip_R","99"
Item.Material.Cloths,"NSLOCTEXT(""[CE4F9767908EFAB88519A3F55F9DFE96]"", ""B4CD61B14A1B081956D491A5AF8D1FAD"", ""Cloths"")","NSLOCTEXT(""[CE4F9767908EFAB88519A3F55F9DFE96]"", ""41DFECC74BE18CD300EA21805B19D11E"", ""F to Pickup"")","GripPoint","99"
Item.Material.Woods,"NSLOCTEXT(""[CE4F9767908EFAB88519A3F55F9DFE96]"", ""7A3F8BAC4D564EB784A8AD86D2B80D29"", ""Woods"")","NSLOCTEXT(""[CE4F9767908EFAB88519A3F55F9DFE96]"", ""67D91D694FD4323E83282C82A4987F84"", ""F to Pickup"")","GripPoint","99"
Item.Material.Ore,"NSLOCTEXT(""[CE4F9767908EFAB88519A3F55F9DFE96]"", ""4B4FC1B7482F53603E7FB7971E9B0B22"", ""Ore"")","NSLOCTEXT(""[CE4F9767908EFAB88519A3F55F9DFE96]"", ""FCFA09B844F3A052F4D5AC856C009E2B"", ""F to Pickup"")","GripPoint","99"
Item.Weapon.Bow,"NSLOCTEXT(""[CE4F9767908EFAB88519A3F55F9DFE96]"", ""88E49D3647EC24E08D5D15BD01F50C8D"", ""Bow"")","NSLOCTEXT(""[CE4F9767908EFAB88519A3F55F9DFE96]"", ""7E4E7C234C8297353AC6AFAD2B4F5133"", ""F to Pickup"")","Bow","1"
Item.Id.Clue.Clue1,"NSLOCTEXT(""ItemFeatureDataTable [CE4F9767908EFAB88519A3F55F9DFE96]"", ""Item.Id.Clue.Clue1_ItemName"", ""Clue 1"")","NSLOCTEXT(""ItemFeatureDataTable [CE4F9767908EFAB88519A3F55F9DFE96]"", ""Item.Id.Clue.Clue1_HowToInteractText"", ""Pick Up"")","GripPoint","1"
Item.Id.Clue.Clue2,"NSLOCTEXT(""ItemFeatureDataTable [CE4F9767908EFAB88519A3F55F9DFE96]"", ""Item.Id.Clue.Clue2_ItemName"", ""Clue 2"")","NSLOCTEXT(""ItemFeatureDataTable [CE4F9767908EFAB88519A3F55F9DFE96]"", ""Item.Id.Clue.Clue2_HowToInteractText"", ""Pick Up"")","GripPoint","1"
Item.Id.Clue.Clue3,"NSLOCTEXT(""ItemFeatureDataTable [CE4F9767908EFAB88519A3F55F9DFE96]"", ""Item.Id.Clue.Clue3_ItemName"", ""Clue 3"")","NSLOCTEXT(""ItemFeatureDataTable [CE4F9767908EFAB88519A3F55F9DFE96]"", ""Item.Id.Clue.Clue3_HowToInteractText"", ""Pick Up"")","GripPoint","1"
Item.Id.Clue.Clue4,"NSLOCTEXT(""ItemFeatureDataTable [CE4F9767908EFAB88519A3F55F9DFE96]"", ""Item.Id.Clue.Clue4_ItemName"", ""Clue 4"")","NSLOCTEXT(""ItemFeatureDataTable [CE4F9767908EFAB88519A3F55F9DFE96]"", ""Item.Id.Clue.Clue4_HowToInteractText"", ""Pick Up"")","GripPoint","1"
Item.Id.Consumables.Buff.Chungshimhwan,"NSLOCTEXT(""ItemFeatureDataTable [CE4F9767908EFAB88519A3F55F9DFE96]"", ""Item.Id.Consumables.Buff.Chungshimhwan_ItemName"", ""Chungshimhwan"")","NSLOCTEXT(""ItemFeatureDataTable [CE4F9767908EFAB88519A3F55F9DFE96]"", ""Item.Id.Consumables.Buff.Chungshimhwan_HowToInteractText"", ""Pick Up"")","GripPoint","10"
Item.Id.Consumables.Buff.Doraji,"NSLOCTEXT(""ItemFeatureDataTable [CE4F9767908EFAB88519A3F55F9DFE96]"", ""Item.Id.Consumables.Buff.Doraji_ItemName"", ""Doraji"")","NSLOCTEXT(""ItemFeatureDataTable [CE4F9767908EFAB88519A3F55F9DFE96]"", ""Item.Id.Consumables.Buff.Doraji_HowToInteractText"", ""Pick Up"")","GripPoint","10"
Item.Id.Consumables.Buff.Gongjindan,"NSLOCTEXT(""ItemFeatureDataTable [CE4F9767908EFAB88519A3F55F9DFE96]"", ""Item.Id.Consumables.Buff.Gongjindan_ItemName"", ""Gongjindan"")","NSLOCTEXT(""ItemFeatureDataTable [CE4F9767908EFAB88519A3F55F9DFE96]"", ""Item.Id.Consumables.Buff.Gongjindan_HowToInteractText"", ""Pick Up"")","GripPoint","10"
Item.Id.Consumables.Heal.Elixir,"NSLOCTEXT(""ItemFeatureDataTable [CE4F9767908EFAB88519A3F55F9DFE96]"", ""Item.Id.Consumables.Heal.Elixir_ItemName"", ""Elixir"")","NSLOCTEXT(""ItemFeatureDataTable [CE4F9767908EFAB88519A3F55F9DFE96]"", ""Item.Id.Consumables.Heal.Elixir_HowToInteractText"", ""Pick Up"")","GripPoint","10"
Item.Id.Consumables.Heal.Medicine,"NSLOCTEXT(""ItemFeatureDataTable [CE4F9767908EFAB88519A3F55F9DFE96]"", ""Item.Id.Consumables.Heal.Medicine_ItemName"", ""Medicine"")","NSLOCTEXT(""ItemFeatureDataTable [CE4F9767908EFAB88519A3F55F9DFE96]"", ""Item.Id.Consumables.Heal.Medicine_HowToInteractText"", ""Pick Up"")","GripPoint","10"
Item.Id.Consumables.Heal.Tangyak,"NSLOCTEXT(""ItemFeatureDataTable [CE4F9767908EFAB88519A3F55F9DFE96]"", ""Item.Id.Consumables.Heal.Tangyak_ItemName"", ""Tangyak"")","NSLOCTEXT(""ItemFeatureDataTable [CE4F9767908EFAB88519A3F55F9DFE96]"", ""Item.Id.Consumables.Heal.Tangyak_HowToInteractText"", ""Pick Up"")","GripPoint","10"
Item.Id.Material.ConsumablesMaterial.GoodHerbs,"NSLOCTEXT(""ItemFeatureDataTable [CE4F9767908EFAB88519A3F55F9DFE96]"", ""Item.Id.Material.ConsumablesMaterial.GoodHerbs_ItemName"", ""Good Herbs"")","NSLOCTEXT(""ItemFeatureDataTable [CE4F9767908EFAB88519A3F55F9DFE96]"", ""Item.Id.Material.ConsumablesMaterial.GoodHerbs_HowToInteractText"", ""Pick Up"")","GripPoint","99"
Item.Id.Material.ConsumablesMaterial.GoodPear,"NSLOCTEXT(""ItemFeatureDataTable [CE4F9767908EFAB88519A3F55F9DFE96]"", ""Item.Id.Material.ConsumablesMaterial.GoodPear_ItemName"", ""Good Pear"")","NSLOCTEXT(""ItemFeatureDataTable [CE4F9767908EFAB88519A3F55F9DFE96]"", ""Item.Id.Material.ConsumablesMaterial.GoodPear_HowToInteractText"", ""Pick Up"")","GripPoint","99"
Item.Id.Material.ConsumablesMaterial.Herbs,"NSLOCTEXT(""ItemFeatureDataTable [CE4F9767908EFAB88519A3F55F9DFE96]"", ""Item.Id.Material.ConsumablesMaterial.Herbs_ItemName"", ""Herbs"")","NSLOCTEXT(""ItemFeatureDataTable [CE4F9767908EFAB88519A3F55F9DFE96]"", ""Item.Id.Material.ConsumablesMaterial.Herbs_HowToInteractText"", ""Pick Up"")","GripPoint","99"
Item.Id.Material.ConsumablesMaterial.OxGallStone,"NSLOCTEXT(""ItemFeatureDataTable [CE4F9767908EFAB88519A3F55F9DFE96]"", ""Item.Id.Material.ConsumablesMaterial.OxGallStone_ItemName"", ""Ox Gall Stone"")","NSLOCTEXT(""ItemFeatureDataTable [CE4F9767908EFAB88519A3F55F9DFE96]"", ""Item.Id.Material.ConsumablesMaterial.OxGallStone_HowToInteractText"", ""Pick Up"")","GripPoint","99"
Item.Id.Material.ConsumablesMaterial.Pear,"NSLOCTEXT(""ItemFeatureDataTable [CE4F9767908EFAB88519A3F55F9DFE96]"", ""Item.Id.Material.ConsumablesMaterial.Pear_ItemName"", ""Pear"")","NSLOCTEXT(""ItemFeatureDataTable [CE4F9767908EFAB88519A3F55F9DFE96]"", ""Item.Id.Material.ConsumablesMaterial.Pear_HowToInteractText"", ""Pick Up"")","GripPoint","99"
Item.Id.Material.ShipMaterials.GoodIronPlate,"NSLOCTEXT(""ItemFeatureDataTable [CE4F9767908EFAB88519A3F55F9DFE96]"", ""Item.Id.Material.ShipMaterials.GoodIronPlate_ItemName"", ""Good Iron Plate"")","NSLOCTEXT(""ItemFeatureDataTable [CE4F9767908EFAB88519A3F55F9DFE96]"", ""Item.Id.Material.ShipMaterials.GoodIronPlate_HowToInteractText"", ""Pick Up"")","GripPoint","99"
Item.Id.Material.ShipMaterials.GoodWoodenPlank,"NSLOCTEXT(""ItemFeatureDataTable [CE4F9767908EFAB88519A3F55F9DFE96]"", ""Item.Id.Material.ShipMaterials.GoodWoodenPlank_ItemName"", ""Good Wooden Plank"")","NSLOCTEXT(""ItemFeatureDataTable [CE4F9767908EFAB88519A3F55F9DFE96]"", ""Item.Id.Material.ShipMaterials.GoodWoodenPlank_HowToInteractText"", ""Pick Up"")","GripPoint","99"
Item.Id.Material.ShipMaterials.GrapplingHook,"NSLOCTEXT(""ItemFeatureDataTable [CE4F9767908EFAB88519A3F55F9DFE96]"", ""Item.Id.Material.ShipMaterials.GrapplingHook_ItemName"", ""Grappling Hook"")","NSLOCTEXT(""ItemFeatureDataTable [CE4F9767908EFAB88519A3F55F9DFE96]"", ""Item.Id.Material.ShipMaterials.GrapplingHook_HowToInteractText"", ""Pick Up"")","GripPoint","99"
Item.Id.Material.ShipMaterials.IronPlate,"NSLOCTEXT(""ItemFeatureDataTable [CE4F9767908EFAB88519A3F55F9DFE96]"", ""Item.Id.Material.ShipMaterials.IronPlate_ItemName"", ""Iron Plate"")","NSLOCTEXT(""ItemFeatureDataTable [CE4F9767908EFAB88519A3F55F9DFE96]"", ""Item.Id.Material.ShipMaterials.IronPlate_HowToInteractText"", ""Pick Up"")","GripPoint","99"
Item.Id.Material.ShipMaterials.LuminousPearl,"NSLOCTEXT(""ItemFeatureDataTable [CE4F9767908EFAB88519A3F55F9DFE96]"", ""Item.Id.Material.ShipMaterials.LuminousPearl_ItemName"", ""Luminous Pearl"")","NSLOCTEXT(""ItemFeatureDataTable [CE4F9767908EFAB88519A3F55F9DFE96]"", ""Item.Id.Material.ShipMaterials.LuminousPearl_HowToInteractText"", ""Pick Up"")","GripPoint","99"
Item.Id.Material.ShipMaterials.WoodenPlank,"NSLOCTEXT(""ItemFeatureDataTable [CE4F9767908EFAB88519A3F55F9DFE96]"", ""Item.Id.Material.ShipMaterials.WoodenPlank_ItemName"", ""Wooden Plank"")","NSLOCTEXT(""ItemFeatureDataTable [CE4F9767908EFAB88519A3F55F9DFE96]"", ""Item.Id.Material.ShipMaterials.WoodenPlank_HowToInteractText"", ""Pick Up"")","GripPoint","99"
Item.Id.Material.SkillMaterial.EpicSkill,"NSLOCTEXT(""ItemFeatureDataTable [CE4F9767908EFAB88519A3F55F9DFE96]"", ""Item.Id.Material.SkillMaterial.EpicSkill_ItemName"", ""Epic Skill"")","NSLOCTEXT(""ItemFeatureDataTable [CE4F9767908EFAB88519A3F55F9DFE96]"", ""Item.Id.Material.SkillMaterial.EpicSkill_HowToInteractText"", ""Pick Up"")","GripPoint","99"
Item.Id.Material.SkillMaterial.LegendarySkill,"NSLOCTEXT(""ItemFeatureDataTable [CE4F9767908EFAB88519A3F55F9DFE96]"", ""Item.Id.Material.SkillMaterial.LegendarySkill_ItemName"", ""Legendary Skill"")","NSLOCTEXT(""ItemFeatureDataTable [CE4F9767908EFAB88519A3F55F9DFE96]"", ""Item.Id.Material.SkillMaterial.LegendarySkill_HowToInteractText"", ""Pick Up"")","GripPoint","99"
Item.Id.Material.SkillMaterial.RareSkill,"NSLOCTEXT(""ItemFeatureDataTable [CE4F9767908EFAB88519A3F55F9DFE96]"", ""Item.Id.Material.SkillMaterial.RareSkill_ItemName"", ""Rare Skill"")","NSLOCTEXT(""ItemFeatureDataTable [CE4F9767908EFAB88519A3F55F9DFE96]"", ""Item.Id.Material.SkillMaterial.RareSkill_HowToInteractText"", ""Pick Up"")","GripPoint","99"
Item.Id.Material.WeaponMaterial.GoodIron,"NSLOCTEXT(""ItemFeatureDataTable [CE4F9767908EFAB88519A3F55F9DFE96]"", ""Item.Id.Material.WeaponMaterial.GoodIron_ItemName"", ""Good Iron"")","NSLOCTEXT(""ItemFeatureDataTable [CE4F9767908EFAB88519A3F55F9DFE96]"", ""Item.Id.Material.WeaponMaterial.GoodIron_HowToInteractText"", ""Pick Up"")","GripPoint","99"
Item.Id.Material.WeaponMaterial.GoodWood,"NSLOCTEXT(""ItemFeatureDataTable [CE4F9767908EFAB88519A3F55F9DFE96]"", ""Item.Id.Material.WeaponMaterial.GoodWood_ItemName"", ""Good Wood"")","NSLOCTEXT(""ItemFeatureDataTable [CE4F9767908EFAB88519A3F55F9DFE96]"", ""Item.Id.Material.WeaponMaterial.GoodWood_HowToInteractText"", ""Pick Up"")","GripPoint","99"
Item.Id.Material.WeaponMaterial.Iron,"NSLOCTEXT(""ItemFeatureDataTable [CE4F9767908EFAB88519A3F55F9DFE96]"", ""Item.Id.Material.WeaponMaterial.Iron_ItemName"", ""Iron"")","NSLOCTEXT(""ItemFeatureDataTable [CE4F9767908EFAB88519A3F55F9DFE96]"", ""Item.Id.Material.WeaponMaterial.Iron_HowToInteractText"", ""Pick Up"")","GripPoint","99"
Item.Id.Material.WeaponMaterial.Wood,"NSLOCTEXT(""ItemFeatureDataTable [CE4F9767908EFAB88519A3F55F9DFE96]"", ""Item.Id.Material.WeaponMaterial.Wood_ItemName"", ""Wood"")","NSLOCTEXT(""ItemFeatureDataTable [CE4F9767908EFAB88519A3F55F9DFE96]"", ""Item.Id.Material.WeaponMaterial.Wood_HowToInteractText"", ""Pick Up"")","GripPoint","99"
Item.Id.Material.WeaponSpecialMaterial.EpicMaterial,"NSLOCTEXT(""ItemFeatureDataTable [CE4F9767908EFAB88519A3F55F9DFE96]"", ""Item.Id.Material.WeaponSpecialMaterial.EpicMaterial_ItemName"", ""Epic Material"")","NSLOCTEXT(""ItemFeatureDataTable [CE4F9767908EFAB88519A3F55F9DFE96]"", ""Item.Id.Material.WeaponSpecialMaterial.EpicMaterial_HowToInteractText"", ""Pick Up"")","GripPoint","99"
Item.Id.Material.WeaponSpecialRecipe.EpicRecipe,"NSLOCTEXT(""ItemFeatureDataTable [CE4F9767908EFAB88519A3F55F9DFE96]"", ""Item.Id.Material.WeaponSpecialMaterial.EpicRecipe_ItemName"", ""Epic Recipe"")","NSLOCTEXT(""ItemFeatureDataTable [CE4F9767908EFAB88519A3F55F9DFE96]"", ""Item.Id.Material.WeaponSpecialMaterial.EpicRecipe_HowToInteractText"", ""Pick Up"")","GripPoint","99"
Item.Id.Material.WeaponSpecialMaterial.LegendaryMaterial,"NSLOCTEXT(""ItemFeatureDataTable [CE4F9767908EFAB88519A3F55F9DFE96]"", ""Item.Id.Material.WeaponSpecialMaterial.LegendaryMaterial_ItemName"", ""Legendary Material"")","NSLOCTEXT(""ItemFeatureDataTable [CE4F9767908EFAB88519A3F55F9DFE96]"", ""Item.Id.Material.WeaponSpecialMaterial.LegendaryMaterial_HowToInteractText"", ""Pick Up"")","GripPoint","99"
Item.Id.Material.WeaponSpecialRecipe.LegendaryRecipe,"NSLOCTEXT(""ItemFeatureDataTable [CE4F9767908EFAB88519A3F55F9DFE96]"", ""Item.Id.Material.WeaponSpecialMaterial.LegendaryRecipe_ItemName"", ""Legendary Recipe"")","NSLOCTEXT(""ItemFeatureDataTable [CE4F9767908EFAB88519A3F55F9DFE96]"", ""Item.Id.Material.WeaponSpecialMaterial.LegendaryRecipe_HowToInteractText"", ""Pick Up"")","GripPoint","99"
Item.Id.Skill.Bombardment,"NSLOCTEXT(""ItemFeatureDataTable [CE4F9767908EFAB88519A3F55F9DFE96]"", ""Item.Id.Skill.CannonBarrage_ItemName"", ""Cannon Barrage"")","NSLOCTEXT(""ItemFeatureDataTable [CE4F9767908EFAB88519A3F55F9DFE96]"", ""Item.Id.Skill.CannonBarrage_HowToInteractText"", ""Pick Up"")","GripPoint","1"
Item.Id.Skill.GravityVortex,"NSLOCTEXT(""ItemFeatureDataTable [CE4F9767908EFAB88519A3F55F9DFE96]"", ""Item.Id.Skill.CurrentGenerator_ItemName"", ""GravityVortex"")","NSLOCTEXT(""ItemFeatureDataTable [CE4F9767908EFAB88519A3F55F9DFE96]"", ""Item.Id.Skill.CurrentGenerator_HowToInteractText"", ""Pick Up"")","GripPoint","1"
Item.Id.Skill.WaterBomb,"NSLOCTEXT(""ItemFeatureDataTable [CE4F9767908EFAB88519A3F55F9DFE96]"", ""Item.Id.Skill.WaterBomb_ItemName"", ""Water Bomb"")","NSLOCTEXT(""ItemFeatureDataTable [CE4F9767908EFAB88519A3F55F9DFE96]"", ""Item.Id.Skill.WaterBomb_HowToInteractText"", ""Pick Up"")","GripPoint","1"
Item.Id.Weapon.Bow.LongBow1,"NSLOCTEXT(""ItemFeatureDataTable [CE4F9767908EFAB88519A3F55F9DFE96]"", ""Item.Id.Weapon.Bow.LongBow1_ItemName"", ""Long Bow 1"")","NSLOCTEXT(""ItemFeatureDataTable [CE4F9767908EFAB88519A3F55F9DFE96]"", ""Item.Id.Weapon.Bow.LongBow1_HowToInteractText"", ""Pick Up"")","Bow","1"
Item.Id.Weapon.Bow.LongBow2,"NSLOCTEXT(""ItemFeatureDataTable [CE4F9767908EFAB88519A3F55F9DFE96]"", ""Item.Id.Weapon.Bow.LongBow2_ItemName"", ""Long Bow 2"")","NSLOCTEXT(""ItemFeatureDataTable [CE4F9767908EFAB88519A3F55F9DFE96]"", ""Item.Id.Weapon.Bow.LongBow2_HowToInteractText"", ""Pick Up"")","GripPoint","1"
Item.Id.Weapon.Bow.LongBow3,"NSLOCTEXT(""ItemFeatureDataTable [CE4F9767908EFAB88519A3F55F9DFE96]"", ""Item.Id.Weapon.Bow.LongBow3_ItemName"", ""Long Bow 3"")","NSLOCTEXT(""ItemFeatureDataTable [CE4F9767908EFAB88519A3F55F9DFE96]"", ""Item.Id.Weapon.Bow.LongBow3_HowToInteractText"", ""Pick Up"")","GripPoint","1"
Item.Id.Weapon.Bow.LongBow4,"NSLOCTEXT(""ItemFeatureDataTable [CE4F9767908EFAB88519A3F55F9DFE96]"", ""Item.Id.Weapon.Bow.LongBow4_ItemName"", ""Long Bow 4"")","NSLOCTEXT(""ItemFeatureDataTable [CE4F9767908EFAB88519A3F55F9DFE96]"", ""Item.Id.Weapon.Bow.LongBow4_HowToInteractText"", ""Pick Up"")","GripPoint","1"
Item.Id.Weapon.Bow.LongBow5,"NSLOCTEXT(""ItemFeatureDataTable [CE4F9767908EFAB88519A3F55F9DFE96]"", ""Item.Id.Weapon.Bow.LongBow5_ItemName"", ""Long Bow 5"")","NSLOCTEXT(""ItemFeatureDataTable [CE4F9767908EFAB88519A3F55F9DFE96]"", ""Item.Id.Weapon.Bow.LongBow5_HowToInteractText"", ""Pick Up"")","GripPoint","1"
Item.Id.Weapon.Bow.ShortBow1,"NSLOCTEXT(""ItemFeatureDataTable [CE4F9767908EFAB88519A3F55F9DFE96]"", ""Item.Id.Weapon.Bow.ShortBow1_ItemName"", ""Short Bow 1"")","NSLOCTEXT(""ItemFeatureDataTable [CE4F9767908EFAB88519A3F55F9DFE96]"", ""Item.Id.Weapon.Bow.ShortBow1_HowToInteractText"", ""Pick Up"")","GripPoint","1"
Item.Id.Weapon.Bow.ShortBow2,"NSLOCTEXT(""ItemFeatureDataTable [CE4F9767908EFAB88519A3F55F9DFE96]"", ""Item.Id.Weapon.Bow.ShortBow2_ItemName"", ""Short Bow 2"")","NSLOCTEXT(""ItemFeatureDataTable [CE4F9767908EFAB88519A3F55F9DFE96]"", ""Item.Id.Weapon.Bow.ShortBow2_HowToInteractText"", ""Pick Up"")","GripPoint","1"
Item.Id.Weapon.Bow.ShortBow3,"NSLOCTEXT(""ItemFeatureDataTable [CE4F9767908EFAB88519A3F55F9DFE96]"", ""Item.Id.Weapon.Bow.ShortBow3_ItemName"", ""Short Bow 3"")","NSLOCTEXT(""ItemFeatureDataTable [CE4F9767908EFAB88519A3F55F9DFE96]"", ""Item.Id.Weapon.Bow.ShortBow3_HowToInteractText"", ""Pick Up"")","GripPoint","1"
Item.Id.Weapon.Bow.ShortBow4,"NSLOCTEXT(""ItemFeatureDataTable [CE4F9767908EFAB88519A3F55F9DFE96]"", ""Item.Id.Weapon.Bow.ShortBow4_ItemName"", ""Short Bow 4"")","NSLOCTEXT(""ItemFeatureDataTable [CE4F9767908EFAB88519A3F55F9DFE96]"", ""Item.Id.Weapon.Bow.ShortBow4_HowToInteractText"", ""Pick Up"")","GripPoint","1"
Item.Id.Weapon.Bow.ShortBow5,"NSLOCTEXT(""ItemFeatureDataTable [CE4F9767908EFAB88519A3F55F9DFE96]"", ""Item.Id.Weapon.Bow.ShortBow5_ItemName"", ""Short Bow 5"")","NSLOCTEXT(""ItemFeatureDataTable [CE4F9767908EFAB88519A3F55F9DFE96]"", ""Item.Id.Weapon.Bow.ShortBow5_HowToInteractText"", ""Pick Up"")","GripPoint","1"
Item.Id.Weapon.Sword.SwordA1,"NSLOCTEXT(""ItemFeatureDataTable [CE4F9767908EFAB88519A3F55F9DFE96]"", ""Item.Id.Weapon.Sword.SwordA1_ItemName"", ""Sword A 1"")","NSLOCTEXT(""ItemFeatureDataTable [CE4F9767908EFAB88519A3F55F9DFE96]"", ""Item.Id.Weapon.Sword.SwordA1_HowToInteractText"", ""Pick Up"")","GripPoint","1"
Item.Id.Weapon.Sword.SwordA2,"NSLOCTEXT(""ItemFeatureDataTable [CE4F9767908EFAB88519A3F55F9DFE96]"", ""Item.Id.Weapon.Sword.SwordA2_ItemName"", ""Sword A 2"")","NSLOCTEXT(""ItemFeatureDataTable [CE4F9767908EFAB88519A3F55F9DFE96]"", ""Item.Id.Weapon.Sword.SwordA2_HowToInteractText"", ""Pick Up"")","GripPoint","1"
Item.Id.Weapon.Sword.SwordA3,"NSLOCTEXT(""ItemFeatureDataTable [CE4F9767908EFAB88519A3F55F9DFE96]"", ""Item.Id.Weapon.Sword.SwordA3_ItemName"", ""Sword A 3"")","NSLOCTEXT(""ItemFeatureDataTable [CE4F9767908EFAB88519A3F55F9DFE96]"", ""Item.Id.Weapon.Sword.SwordA3_HowToInteractText"", ""Pick Up"")","GripPoint","1"
Item.Id.Weapon.Sword.SwordA4,"NSLOCTEXT(""ItemFeatureDataTable [CE4F9767908EFAB88519A3F55F9DFE96]"", ""Item.Id.Weapon.Sword.SwordA4_ItemName"", ""Sword A 4"")","NSLOCTEXT(""ItemFeatureDataTable [CE4F9767908EFAB88519A3F55F9DFE96]"", ""Item.Id.Weapon.Sword.SwordA4_HowToInteractText"", ""Pick Up"")","GripPoint","1"
Item.Id.Weapon.Sword.SwordA5,"NSLOCTEXT(""ItemFeatureDataTable [CE4F9767908EFAB88519A3F55F9DFE96]"", ""Item.Id.Weapon.Sword.SwordA5_ItemName"", ""Sword A 5"")","NSLOCTEXT(""ItemFeatureDataTable [CE4F9767908EFAB88519A3F55F9DFE96]"", ""Item.Id.Weapon.Sword.SwordA5_HowToInteractText"", ""Pick Up"")","GripPoint","1"
Item.Id.Weapon.Sword.SwordB1,"NSLOCTEXT(""ItemFeatureDataTable [CE4F9767908EFAB88519A3F55F9DFE96]"", ""Item.Id.Weapon.Sword.SwordB1_ItemName"", ""Sword B 1"")","NSLOCTEXT(""ItemFeatureDataTable [CE4F9767908EFAB88519A3F55F9DFE96]"", ""Item.Id.Weapon.Sword.SwordB1_HowToInteractText"", ""Pick Up"")","GripPoint","1"
Item.Id.Weapon.Sword.SwordB2,"NSLOCTEXT(""ItemFeatureDataTable [CE4F9767908EFAB88519A3F55F9DFE96]"", ""Item.Id.Weapon.Sword.SwordB2_ItemName"", ""Sword B 2"")","NSLOCTEXT(""ItemFeatureDataTable [CE4F9767908EFAB88519A3F55F9DFE96]"", ""Item.Id.Weapon.Sword.SwordB2_HowToInteractText"", ""Pick Up"")","GripPoint","1"
Item.Id.Weapon.Sword.SwordB3,"NSLOCTEXT(""ItemFeatureDataTable [CE4F9767908EFAB88519A3F55F9DFE96]"", ""Item.Id.Weapon.Sword.SwordB3_ItemName"", ""Sword B 3"")","NSLOCTEXT(""ItemFeatureDataTable [CE4F9767908EFAB88519A3F55F9DFE96]"", ""Item.Id.Weapon.Sword.SwordB3_HowToInteractText"", ""Pick Up"")","GripPoint","1"
Item.Id.Weapon.Sword.SwordB4,"NSLOCTEXT(""ItemFeatureDataTable [CE4F9767908EFAB88519A3F55F9DFE96]"", ""Item.Id.Weapon.Sword.SwordB4_ItemName"", ""Sword B 4"")","NSLOCTEXT(""ItemFeatureDataTable [CE4F9767908EFAB88519A3F55F9DFE96]"", ""Item.Id.Weapon.Sword.SwordB4_HowToInteractText"", ""Pick Up"")","GripPoint","1"
Item.Id.Weapon.Sword.SwordB5,"NSLOCTEXT(""ItemFeatureDataTable [CE4F9767908EFAB88519A3F55F9DFE96]"", ""Item.Id.Weapon.Sword.SwordB5_ItemName"", ""Sword B 5"")","NSLOCTEXT(""ItemFeatureDataTable [CE4F9767908EFAB88519A3F55F9DFE96]"", ""Item.Id.Weapon.Sword.SwordB5_HowToInteractText"", ""Pick Up"")","GripPoint","1"
